,2,3,4,5,6,7,8,9,10,11,12,13,14,15,16,17,18,19,20,21,22,23,24,25,26,27,28,29,30,31,32,33,34,35,36,37,38,39,40,41,42,43,44,45,46,47,48,49,50,51,52,53,54,55,56,57,58,59,60,61,62,63,64,65,66,67,68,69,70,71,72,73,74,75,76,77,78,79,80,81,82,83,84,85,86,87,88,89,90,91,92,93,94,95,96,97,98,99,100,101,102,103,104,105,106,107,108,109,110,111,112,113,114,115,116,117,118,119,120,121,122,123,124,125,126,127,128,129,130,131,132,133,134,135,136,137,138,139,140,141,142,143,144,145,146,147,148,149,150,151,152,153,154,155,156,157,158,159,160,161,162,163,164,165,166
,T,E,Y,K,L,V,V,V,G,A,G,G,V,G,K,S,A,L,T,I,Q,L,I,Q,N,H,F,V,D,E,Y,D,P,T,I,E,D,S,Y,R,K,Q,V,V,I,D,G,E,T,C,L,L,D,I,L,D,T,A,G,Q,E,E,Y,S,A,M,R,D,Q,Y,M,R,T,G,E,G,F,L,C,V,F,A,I,N,N,T,K,S,F,E,D,I,H,Q,Y,R,E,Q,I,K,R,V,K,D,S,D,D,V,P,M,V,L,V,G,N,K,C,D,L,A,A,R,T,V,E,S,R,Q,A,Q,D,L,A,R,S,Y,G,I,P,Y,I,E,T,S,A,K,T,R,Q,G,V,E,D,A,F,Y,T,L,V,R,E,I,R,Q,H
A,0.060021602855921,-0.053476018336057,0.079954720245184,-0.069896754619079,-0.105305750940441,-0.099867406380243,0.005497546139773,-0.014275774888664,-0.18688045507936,0,0,-0.061038923626287,0.052055022770452,-0.186390845400097,-0.267212999169574,-0.25693944822681,0,0.167693080864263,0.066152023588913,-0.089393789039572,-0.080582985195071,0.151149574217959,0.076506735107415,0.005581619085203,0.003110132097067,0.130062476731818,-0.101365021107569,-0.00633852689595,0.034455753736653,0.00973322751366,-0.155786198635802,-0.045683941025891,0.013939214708265,-0.224566815773232,-0.067182204510487,-0.208245370687445,-0.13547765416282,-0.001229104290572,-0.24136050679414,0.031423417084864,0.06562438181128,0.035945757663775,0.033166085252479,0.038410961663977,0.055429648754474,0.036240237399306,0.090172726033798,0.037398314253023,0.045717641187212,0.100457259680363,0.043589338350179,-0.068444856013317,-0.159930433992673,-0.128317028462978,0.030783487977234,-0.188826797968517,-0.190293117770401,0,-0.245254888109305,0.104852794911236,-0.045161539164682,-0.012485925773696,0.012605339830179,0.013514362039383,0,0.014350341734278,0.00359338578985,-0.191000069780488,-0.013353563865239,-0.020084926068812,-0.062509555449183,-0.062497817016369,0.03853704549406,0.122405630371142,-0.051571931464345,0.000148282341443,-0.260017379677324,-0.072800010875393,-0.077466176292587,-0.148067928046563,-0.04447534323879,0,0.020301400593688,-0.050709882402428,-0.166006465630101,0.055347113211775,-0.008492049705749,-0.021999587343847,-0.115036154021353,-0.112544681357431,0.073281831573564,-0.100642019352164,0.025754480740247,-0.010194589994099,-0.085087114780277,0.044824434419929,-0.087641046781444,-0.115065726795047,-0.184866238567618,-0.063001089233056,-0.1108680522288,-0.005882160177738,-0.130419747456841,0.04251699831524,-0.161276255893827,0.026000641553767,-0.001203079312671,-0.113044624673938,-0.089262416899433,-0.166032540995751,-0.165858484203661,-0.178700627009128,-0.186639551991374,-0.075098711985403,0.075264333953455,0.031127304609253,0.081421504712911,-0.195317790375165,0.099827456857401,0,0,0.044982030336362,0.030957749335442,-0.041698838561292,-0.019179627983747,-0.015696413853306,-0.018354403113418,-0.034821152913301,0,0.050110445617878,-0.029766595808371,-0.063134715920432,0,0.044070041851046,-0.003424580094514,0.017974657715516,-0.169083690223974,-0.142250110084898,-0.155805513582136,-0.207711032809565,-0.101116695506302,-0.084860935534576,0.056083843049448,-0.035677652467656,0,0.045549549086703,-0.043504496492965,-0.027304976750048,-0.02778799242565,0.022870257211792,0.011669516964629,-0.063336822861618,-0.04732102685176,0,-0.162714025833327,0.09621352649537,0.046257340878592,-0.101602563153034,-0.144477042842826,0.022199354650581,0.048702463635538,-0.115429558941138,-0.042981356244366,-0.017120506864555,0.039112563057222
C,0.042329170822884,0.102280820812247,-0.008136901021457,-0.183041891227056,-0.084146819506538,-0.010683776931541,0.017547857067857,0.111879838297889,-0.258558809246422,-0.054408066871836,0,0.09583548435802,0.034573061665107,-0.19126660776285,-0.219739685911118,-0.24067578820493,-0.047521052615109,0.099497284480927,-0.017828611843485,-0.006923568403876,-0.116721736255019,0.220479359748218,0.106403375097042,0.027525815245493,-0.063014856486312,0.055800155905884,-0.133502439862577,0.010739015665189,0.014285469871518,-0.069062578812125,-0.098270892488504,-0.075715840641731,-0.230008134583523,-0.177477750825721,-0.137713258025533,-0.184589849158722,-0.193760698065425,0.051759643773665,-0.28026877931041,0.062777521663381,0.099761310612762,-0.035018581278264,0.038927619445936,0.083190630128184,-0.036287342809799,-0.023406626529061,-0.022431623634234,-0.194978263623878,0.057306574939195,0,0.135607509096238,-0.027384709467052,-0.117350924271158,-0.072604039992156,0.011234221345369,-0.28359386655166,-0.133099501334066,-0.092246289658756,-0.205068192336986,-0.043243506779502,0.016350913950512,-0.006966027868084,0.016741130581299,-0.012503302217224,-0.08858814278209,-0.048277187800547,-0.174058585486908,-0.143440775075858,-0.008721063284748,0.074248395111466,-0.050064094435846,-0.098299712778137,-0.08560488484776,-0.007116533845869,-0.112604672029323,-0.084295866410847,-0.222818049494808,-0.112518875023098,0,0.006581892797007,-0.085630735510724,-0.041385680911647,0.170371644772125,-0.247956265198128,-0.065237089880913,-0.138714222663328,-0.025933143204464,-0.07050529918125,-0.156906677834009,-0.095406204130253,-0.037871941343513,-0.114209745255885,0.047705260475533,-0.067424829346293,0.003607198604561,0.073457071889572,-0.1759342518693,0.386304688737753,-0.138929440057541,-0.0715133757079,-0.117364404502288,0.008933816455027,-0.055326057292733,0.095208128334139,-0.021930319764602,0.019309358855661,-0.079450908207406,-0.162637318850836,-0.014596674441205,-0.290373286785573,-0.103168365667822,-0.206494775229039,-0.148337800930894,-0.166463185414616,0.156405587654219,0.064598323630728,0,-0.083260186546169,0.084744329958238,-0.075174293344674,-0.081995057276459,0.008826570084712,-0.09874796775365,-0.082865022366134,0.015669101356969,0.007402553560017,-0.041313668376536,0.011776750959135,-0.111641949916358,-0.163884471592345,-0.024108574706505,-0.209711315247878,-0.186812343462677,-0.137558090548277,-0.13635155439813,-0.043088253099582,-0.141583150603789,-0.082621195605913,-0.095436942844586,-0.174323197733667,0.037844914259942,-0.031328261365541,-0.056554756628555,0.107860461328402,0.070879472178646,0.073827461751814,0.039236648671407,-0.070237986344401,-0.105286493374898,-0.106448047008136,-0.108918213154472,-0.079617214714542,-0.09217529094674,-0.09543252673656,0.001034336922064,0.109568126514768,-0.097336472368108,-0.254440680677367,-0.180246931638235,-0.104240323303225,0.075369631045292,-0.110038103918267,-0.098681836681468,-0.145465616075837,0.128125608829409
D,-0.074869973496952,0.059221691387874,-0.083764984655289,-0.081603636347921,-0.123946267732828,-0.236016038476411,-0.116392085737831,-0.084409865059722,-0.191965310561404,0.177998966213541,0,0.061068610926529,-0.214950387842786,-0.239102120982693,-0.252389314522423,-0.213531465269058,-0.198383644062156,-0.128132966030298,-0.094179738462737,-0.202508286965323,0.091685556570949,-0.154817960504484,-0.044433113736329,-0.001613005592403,0.101676433814819,0.133777210305291,-0.238326115488868,0.059002856916877,0,-0.030296544332165,-0.095341349645081,0,-0.111093078166914,-0.163812979371608,-0.087157338167714,0.109505247934713,0,-0.140144643770414,-0.184762538203773,-0.155246677971222,0.077610544076766,0.029359141504324,-0.043721203595719,0.058356226650843,-0.028232797935102,0,0.107327873236597,0.074776797206005,0.077718273773326,-0.022235798286144,0.156692174737312,-0.168739658045034,0,-0.220470179401936,0.061565546347363,0,-0.251050821578323,-0.14356082926826,-0.12844840941263,-0.0631883136733,-0.062722538774933,0.088756043781954,-0.074790350201686,-0.088484857615628,-0.108902932568445,0.02900381790059,-0.044952852990499,0,0.031384011973801,0.079367939723871,0.012631781078797,-0.125667375419226,0.130410847342656,-0.093970568563199,0.116245356810089,-0.239067009515965,-0.245089404980648,-0.132962179774465,-0.183763659005402,-0.282000444890306,-0.180424667554361,0.247928894777441,-0.076063081007295,0.114631576308176,0.13501013169125,0.041265871891675,0.004350429046225,-0.219871476171825,-0.1742833992209,-0.053422956713552,0,-0.192696538553574,-0.09831795483241,-0.090794544353451,-0.156945795288377,-0.125178762759335,-0.081295254496107,-0.105059861135282,-0.259297247485601,-0.271031628651391,-0.053982296658301,-0.175788814447653,-0.199327567847922,0,-0.076759710000442,0,0,-0.255095269325916,-0.230295561049088,-0.317001828304137,-0.26686730325055,-0.286185092647058,-0.359284398124058,-0.233878562831426,-0.148973780061491,-0.240418869398774,-0.034826592507866,0,0.229878841635121,0.059305374094077,0.042568996015661,0.028639468720832,-0.112435584462858,-0.017624450244102,0.043264262250723,0.13146874687788,0.021858542248804,-0.017932558456686,-0.256271282855323,-0.113016403838039,0,-0.08676628225065,-0.206489441559976,-0.006962397727188,0.002046770106312,-0.015573934997102,-0.204554857213767,-0.23040918583292,-0.096421091311974,-0.2479552350967,-0.23375349527022,-0.11930628770653,-0.234019156024561,-0.028005692619649,-0.271510588217412,0.000910199551525,0.096521177168471,0.019158169719624,-0.004642928312685,0.00174593142024,-0.20532494024986,0.023203750977926,0,-0.220329645349893,-0.166348625093184,0.026360865820367,-0.075638761382562,-0.16257496996748,-0.287751125469526,-0.04571045503407,0.038001843668071,-0.269489959483817,0.052192328187476,0.042679229028813,0.190433944262944
E,-0.068946598392042,0,-0.134715530613441,-0.026482967135276,-0.285047441215713,-0.144223392723547,-0.138629562554145,-0.186293949354171,-0.233795182697707,0.006885585076654,0,0.085327750654036,-0.07000140492621,-0.260354230077196,-0.376927982075089,-0.252549239628189,-0.207644064120185,-0.074863634325234,-0.120025345285416,-0.142990191142307,0.009745556302562,0.221478813542979,0.001986594958993,-0.130486697336576,0.044157399317544,0.161368022501011,-0.105940065695756,0.161550446818597,0.018573296027536,0,-0.223068427460341,0.072992635636343,-0.083532752597253,-0.123926623258087,-0.196767533109495,0,-0.069349656315648,-0.14866061346327,-0.160065310720378,-0.128657755989845,0.088998320559496,0.122301857597768,0.102711947603059,0.035419640506263,-0.023405968336219,0.213782231436925,0.035016773496818,0,-0.055632249312225,-0.082062143004809,0.196744918060435,-0.289013814340224,-0.028410886389347,-0.154319913257081,0.18794744850566,-0.221770267584833,-0.190659616107046,-0.180304751970476,-0.217718711981569,0.054920407336307,0,0,-0.009873444913274,0.002785592429757,-0.069650326319853,-0.00522158842781,0.034615154311684,0.044582223542986,0.056648025037159,0.035175139296618,-0.149305998144292,-0.016527844653961,0.176246144080354,-0.136577515820559,0,-0.273299825261821,-0.172188877754988,-0.16784755083082,-0.182640124629218,-0.267811223191539,-0.255114183326947,0.082495773787405,-0.026813802796703,0.055899907027383,0.045017478252601,0.066008677354059,0.042885567499306,-0.131529763756063,-0.141656933307645,0,-0.003098811317448,-0.218977959625189,-0.053849318259572,-0.055471247175322,-0.239932131582512,-0.196595584891243,0,0.055687925729101,-0.202151045689624,-0.143907388962537,-0.100746896560888,-0.056834525375283,-0.077312872036015,-0.148006829305863,-0.093252075272609,-0.008489835427133,-0.07596729441476,-0.165885033390748,-0.180925979650738,-0.247906658390861,-0.212500170829877,-0.153332791572402,-0.347093376861027,-0.277157692088918,-0.188987954196476,-0.081121661698688,0.037747239487092,0.005669694212478,0.171561586322935,-0.053190269848035,0.075398702485154,-0.096312272048084,-0.011713598600193,-0.070909217782709,0,-0.017491888959492,0.037557234061396,0.010709796324116,-0.217874835779121,0.025717043499534,-0.031381352180022,-0.070607262583704,-0.185682125341506,0.036773783173988,0.066459088549225,-0.184148797749069,-0.137885788690516,-0.224105989659386,-0.042749685116703,-0.198979540564815,-0.204684845171918,0,-0.185266970164788,0.042092492018725,-0.131515355118559,0.035861940713483,-0.029437004897368,-0.024847826711757,0.073687341207735,0.118383100050474,-0.124268910642328,0,0.114958868177592,-0.367576813984028,-0.265315358733029,0.135940345706647,-0.022356755979935,-0.23507324260873,-0.197976263104999,-0.053115733218435,0,-0.1536303490974,-0.029453826254738,-0.041787031760772,0.009756790996551
F,-0.057260570571711,0.04413157694429,-0.024044353177924,-0.137343729205775,-0.001420278903894,-0.109384678683764,-0.121137911199705,0.170905191504286,-0.225578612818178,-0.101990872094343,0,-0.204434926156464,-0.212374609673982,-0.222198424323807,-0.155147416423188,-0.249868228488789,-0.30891685727039,-0.04628753393856,-0.198794124423699,-0.118154180703381,-0.134807781007548,0.046502007961804,0.054119988515126,-0.14329962283632,-0.079931888605994,0.164880900391382,0,0.097084704443643,-0.000369972640912,-0.09893487812696,-0.155233428942715,-0.022473183617655,-0.083562555364578,-0.183352051857156,-0.114683144706637,-0.064472990747487,-0.282780803953465,-0.014330021985381,-0.024224035176148,-0.098292584528936,-0.115274891002957,-0.00563343736162,0.016187363383141,-0.054891085649937,-0.155082662967751,-0.109207666677757,-0.150882541069154,-0.071547868075051,0.015438889989562,-0.07972754581702,0.013204085743171,-0.008746776562606,-0.123878389347201,-0.008315128579592,-0.212374512569234,-0.234819723483421,-0.191536971541542,-0.173014980600485,-0.220608412288951,0.018142699203545,-0.039063733583993,0.058379949256051,-0.000407159247233,-0.146506903389595,-0.055123250887848,-0.031346054017847,-0.083456257899052,-0.172456537332403,-0.0424925448744,-0.04222610218453,-0.02768384743258,-0.16606727935696,0.017169243718256,-0.034898675280751,-0.17389235435226,0.332552137613562,0,-0.1025637978566,-0.015283095671143,0.017676044044408,0,-0.325564133608455,0.050149962379333,-0.137515896773793,-0.14971826810709,-0.039586223371402,-0.026033325593842,-0.060304785978769,0,-0.103887958598218,0.022419016676615,0.117123416381202,-0.071292268506617,-0.044736637773182,0.017444861515389,0.247211651723588,-0.158562520255061,0.172687109874493,-0.206526009955664,-0.083667545040577,-0.105693087824129,0.00885220529934,0.022340432828252,-0.140650239757856,-0.050895775373185,0.025779638110281,-0.005151664543736,-0.012756043958259,-0.100152083821287,-0.059673426294972,-0.166904133638763,-0.198743311542331,-0.31253539227242,-0.068538751405287,-0.328772025382134,0.086431162074513,-0.030330392618923,-0.161632959283107,0.031660768208634,-0.0266701344771,-0.110325140368195,0.001880158813732,-0.202335545676403,-0.024317184288291,-0.057897438856798,-0.022605526137126,-0.007954814259283,-0.246932054633134,-0.076364905447135,0.005162911699465,-0.163016039910232,-0.037648903177328,-0.221575463760965,0.007162133707325,-0.0384493190697,0.143488110336392,-0.149171383320259,-0.304893227993245,-0.183289738592915,-0.044345051726256,0.029208971365969,-0.068925870298428,-0.127182106989404,-0.162562698398545,-0.319109278770826,0.222307737932785,-0.137014216753,0.036326628908842,-0.108421951329145,-0.073299551965429,-0.005554130787435,0.091164876496437,-0.084286683253242,-0.183544186474668,0,0.048917032825746,-0.116127941014376,-0.108506626143266,0.119400068485253,-0.256204591704839,-0.005667118640923,0.032400348772493,-0.044813201132957,-0.064735175498309,-0.016705925790154
G,0.016399975269633,-0.014250769718503,-0.08865536870166,-0.000687202246053,-0.186403774131432,-0.129153392649028,-0.082892405944515,-0.112132751618499,0,0.070201145735437,0,0,-0.038044503944056,0,-0.27037873069817,-0.269506374899612,0.068220006570305,0.014670954153839,0.008860402785272,0.006746383492117,0.077810234551064,0.102355064894108,0.171691662519754,0.181935011166115,-0.033955427083419,0.065400749498367,-0.121475421185972,-0.059947834911462,-0.048317028897652,-0.004070275611505,-0.2238011689276,-0.162402182301726,-0.121290115870645,-0.174494510360803,-0.226994640865831,-0.150233974573351,-0.192078317256049,-0.046752413535719,-0.222484524689618,-0.069043569477535,0.04711573077879,0.103450989192351,0.040495304570242,0.033837546791551,-0.060608801877216,0.056862992495746,0,-0.041489187399395,0.000322933650932,-0.056968606066248,0.041463937286498,-0.139464172311253,-0.108433606910902,-0.153661299256141,-0.03004697842877,-0.253330306820773,-0.20299262393804,-0.025597099441508,0,-0.011380853397859,0.023809892696544,0.103813161947315,-0.021699678303017,0.090955026328862,-0.04734794604294,-0.052019973466565,-0.063704755318176,-0.111363217129833,-0.00919807592382,-0.003759741323226,-0.046808386119769,-0.085458074491448,0.028671947927078,0,-0.106036792995259,0,-0.222203232646364,-0.281165581172129,-0.156604416894909,-0.228306927462308,-0.115491915438382,0.036690710662921,0.016311515885061,0.000925609328453,-0.050775655623018,-0.042467940254078,-0.034177097857625,-0.094694467148631,-0.218073938368223,-0.108716931570901,-0.038997010250581,-0.191167854088267,-0.045928969869779,-0.117930700603785,-0.193368415333762,-0.152468814614844,-0.199070219679514,0.079981949857198,-0.272262794013475,-0.205926420411876,-0.10467419445801,-0.119034196893895,-0.131706345697363,0.085753595254052,0.001338853051927,-0.038366569998293,-0.053678063156861,-0.179574724807824,-0.235823273072043,-0.242397941119708,-0.253845848393599,-0.254999011392462,-0.254237289599858,0,-0.053925314711235,0.096644804227784,0.002946026498252,-0.060091747769009,0.087320169233242,0.032460695855766,-0.050699020360464,0.005493886684808,-0.00520745430973,-0.000150977096069,0.032556227241571,-0.02265827470843,-0.023430571470868,-0.109248308397292,-0.049976737353341,-0.070465962608725,-0.071380524635948,-0.195424736312104,-0.226534578401012,-0.061923195845881,-0.063791312278305,-0.147291282671206,0,-0.166953052801499,-0.123621428693989,-0.199157620727299,-0.176063633403782,-0.122603641780129,-0.063041293631359,0.007691226556551,-0.021348673309391,-0.001588390572683,-0.031360076677031,0.080760750329233,0.055845511246919,0,-0.015461058427547,-0.145963889287163,-0.110007215267691,-0.157609977337828,-0.208282806539255,0.019113338109328,-0.142365586741803,-0.239102005407051,-0.219200944437463,-0.110946684374892,-0.015368862357559,-0.158811846029391,-0.030087835155581,0.142176312854659,0.089917050369279
H,0.035386176845447,-0.031175161197963,0.089698717476675,0.00513426155604,-0.137194217585204,-0.058119291628131,-0.180129797731063,-0.086588422585413,-0.21132371251127,-0.064403707866291,0,-0.103633668967884,-0.207307520515703,-0.298833598708872,-0.2530025192121,-0.304359391118034,-0.216067800777987,-0.189657956537076,-0.235122601152762,0.099777680656087,-0.009630074759884,0.211248014378278,0.033269268271295,0.008658192858151,0.012185656655477,0,-0.11680066840263,0.012128042319552,-0.419051437341824,-0.024231405554069,-0.06896513472212,-0.08429023109778,-0.064957422184311,-0.228780224669136,-0.125669069630704,-0.025013799234607,-0.149808876063128,-0.021544025817199,-0.066799092549144,-0.070976975429997,0.058168602359818,0.06346084621881,0.011476372446007,0.035674242959737,0.021044973957606,-0.010787965084205,-0.057697409348318,0.037045367572528,-0.010880347225066,0.0133628290431,0.037023722003816,-0.074121226828651,0.091202988767571,-0.155112705167697,-0.08889074616363,-0.292694002728889,-0.172518083985274,-0.13094923320281,-0.258746779209598,-0.004007906461506,0.058382914961451,0.061367023958713,-0.00391256799556,0.009291654848438,-0.040968717884099,-0.034020767200394,-0.077680033234654,-0.126490808397176,-0.060739325368983,0.023484709251446,-0.000832219963804,-0.094093873848332,-0.006146065005657,-0.115886535100066,0.039413674985839,-0.256209477687713,-0.168881978306206,-0.225409565424335,-0.142654154458913,-0.258487839990905,-0.255578859912382,-0.082413598617387,0.067427482683813,-0.141463872384739,-0.079074130280586,-0.079074331789664,-0.086857152279776,-0.163980950545193,-0.173109161042455,-0.027991572934393,0.004243665574185,-0.113315098932219,0,0.00508096421803,-0.05300592524034,-0.097843125168904,-0.065385475587827,0.152997654645899,-0.211064434019265,-0.069235942594776,-0.095252665976256,0.010525646451309,-0.013555846960441,-0.07820272419272,0.009162586652597,-0.042176063870655,0.005637916863455,-0.198208166205665,-0.074309160341676,-0.30384588037698,-0.248772129171396,-0.247896633113562,-0.284771319909655,-0.216161935687725,0.061041367538766,0.018209438742439,0.00292388787105,-0.229232188732167,0.064195588834838,0.009164989855053,-0.008563372993847,-0.047743717760095,-0.045914164291585,-0.082658709815242,0.010222242631336,0.063761716133786,0.041805662326489,-0.078931247869847,-0.118823664210365,-0.055846532525838,-0.065510524051069,-0.163212026971145,-0.193900590703289,-0.051697452777113,-0.009484814151409,-0.113171524363041,-0.192161647421662,-0.211230263208872,0.037318553663143,-0.044956180207943,-0.162443924537804,-0.15249743452055,-0.134219709661146,-0.090606744095797,-0.276814115283611,-0.032044970053504,-0.075941345119656,0.047977087891857,-0.01923984087994,-0.096880161494913,-0.032015062697462,-0.068036798101955,0.088316909020063,-0.243415955623878,-0.242581305379718,-0.045833220767176,0.04425437906191,-0.296557269339518,-0.147652777707208,-0.170599285306304,0.046939997260037,-0.246897072166129,0.164356213985356,-0.069106895574276,0
I,-0.005126499387863,-0.099667323030036,0.048390685627766,-0.17230123589962,0.016717013394103,0.050314166032044,0.035684122543909,-0.068022190381166,-0.155343827664466,-0.113033190278125,0,-0.122839154508055,-0.025102592103794,-0.2257262904972,-0.213793808754863,-0.225220715804249,-0.332310777633294,-0.006549495504858,0.018676650119296,0,-0.155095197244729,-0.02927142148418,0,-0.08882028748626,-0.147456796381759,0.092321139755346,-0.166651130754064,-0.03576064176013,-0.034498278813994,0.003667383042227,-0.174368298442496,-0.158705125408021,-0.078663567673664,-0.185727887413723,0,-0.10043281543054,-0.218353458983313,0.060846959338055,-0.173508628231464,-0.010836601429603,-0.011254346237039,-0.004500783312954,0.040771219374103,0.1204003739588,0,-0.199645393261737,-0.087436151871976,-0.013995386110163,-0.06634933540086,0.060555324554632,0.105850415511168,0.074792669211682,-0.22642285549767,0,-0.011012187677154,-0.250674315682443,-0.020522511577287,-0.247160548101234,-0.290118962404845,0.05884944299524,0.034458391154999,-0.158013513593702,-0.048316950312758,-0.040048994218516,-0.067643136216053,0.095413275610504,-0.034703087994567,-0.215931183306903,-0.176888509607947,0.065103625245847,0.195658523260077,-0.116279012653659,-0.036851200529691,-0.023481858217969,-0.066083475275948,-0.027271744314704,-0.08585603293765,0.11570620033779,0.114814159145562,-0.004217889967206,-0.175307904036223,-0.14304124729288,0,-0.251550001285155,-0.130519396071599,-0.083430727388721,-0.116660822457037,-0.223641922341559,-0.112611644556183,-0.084924569752738,-0.011345312394412,0,-0.01943836718213,-0.040310711052085,0.167695804571116,0.408020472614604,-0.102609041839287,0.193459659222398,0,-0.123185237818492,-0.127525362988741,0.069006080417484,-0.045658129777891,-0.112014170822763,-0.047038972353175,0.019588538285008,-0.048741405897569,-0.024518629394034,-0.05737709620256,-0.036027535117067,-0.024807855100642,-0.079539964314595,-0.04386575963337,-0.22361767855165,-0.180895807103975,0.058490866099669,-0.050283040096031,-0.265127244270036,-0.079512015714251,-0.040916534602024,-0.102486673671567,-0.100999614702682,-0.103225754999017,0.063145425630082,-0.010803379362925,-0.055550924068816,0.053798640347136,-0.014971200630649,0.041242410964033,-0.052738301969455,0.00603908429068,-0.024795529982182,-0.143949963948403,0.014018019354006,-0.180571969618523,0.12331544736018,-0.15340704981596,0,-0.036146999881078,0.006233651540211,0,-0.11315452435454,0.099061744000242,-0.125447398587863,-0.224301627857027,0.073215087137528,-0.040842597948129,-0.106257716693942,-0.021125444199941,0.011922404631296,0.076544635802163,-0.075321954968641,-0.211748014125102,0.01472900713544,0.203863941644476,0.085167183460886,-0.049370901124949,-0.059735914093084,-0.024359893730239,-0.179714751835701,-0.043041062793633,0,0.060612289986442,-0.196821098811584,0.225398825933895
K,-0.037693032957983,-0.042213947816662,0.061063805588965,0,-0.305309066284312,-0.207396380867877,-0.149587056159233,-0.057995917503556,-0.200938679941373,-0.04649942891884,0,-0.098532793320286,-0.138818968189708,-0.218485128213589,0,-0.189164648581867,-0.070455145134747,0.036170329848517,-0.128108488310192,-0.085617809482017,0.030180624506865,0.017836799149512,0.105467194885977,-0.048884313276266,0.026522001916801,-0.058107246503665,-0.084415045950525,-0.170474290764581,0.012334125733691,-0.102447322128558,-0.230256630633562,-0.251391068528682,0.064993331250056,-0.194404561000992,-0.075962181719898,-0.179745211375074,-0.098673869976434,-0.046990866100977,-0.132414165435978,-0.118688424048116,0,0.090021939392332,0.071223876983628,0.163583780306139,-0.05964927811661,-0.017114897779541,0.031180003342391,0.040133529285153,0.041215588648287,0.089037897979928,0.033875722813365,-0.153767177875025,-0.175904029915648,-0.133490017028615,-0.13023252773615,-0.242645203441573,-0.228729768191999,-0.173333709420897,-0.191200752277377,0.082039115249865,0.039006823273494,-0.068047722896479,-0.137765541068408,-0.136271296088609,-0.01384559641527,-0.140329123999328,-0.091961057264521,-0.128315876020688,0.01948023476182,-0.096157546817472,0.001548162430248,-0.013984863988417,-0.013700361934897,-0.118275682678142,-0.101355694321661,-0.168559087327716,-0.137523199157891,-0.203977450577811,-0.124358696404644,-0.217154370300023,-0.231492173905971,-0.225534005327297,-0.106599243722757,-0.18547756923477,-0.251807753300771,0.153831237273079,0,-0.208353195023142,-0.067275797961151,-0.149261828072474,0.107745151315225,-0.290332507130447,0.005906026912653,0.13043863626589,-0.132839127408592,0.003929695848149,-0.08708825646846,-0.409569187448721,-0.404623673699059,0,0.058202707145136,-0.201579289943944,0,0.014877257391603,-0.012699665158352,-0.015941993666728,-0.027968567551769,-0.159738327680257,-0.066324273906346,-0.314741379315087,-0.352058740554574,-0.341148926037018,-0.247145703377085,-0.282569411372109,-0.184538750038606,0,-0.165146614169516,-0.197905456965019,0.007151070136409,0.035970831333271,-0.047514933178045,0.01622434247549,0.004776263851555,-0.011274494755182,-0.191630175334341,0.068052975230345,0.02884937116359,0.006164058900867,-0.16897336462805,0.013185566687894,0.02585473056676,-0.126730495250289,-0.207490271943348,-0.032882125578339,0.087814588286775,-0.012835834683468,-0.072054293833283,-0.180219581077464,-0.012869744525716,-0.263651322992919,-0.011370224702646,-0.202753847099275,-0.153292254600796,-0.010439860794421,-0.181765851033585,0,-0.078910391912807,0.041490665270896,0.001620772280157,-0.073953240353389,-0.186480848601158,-0.017274780661064,-0.092704471061318,-0.28426032289943,-0.062166409288256,-0.01712800960516,0.208055238107276,-0.290651485736177,-0.088931453537062,0.034777224884901,0.127630106339231,0.026842977123586,0.106919997128107,-0.055533315426529,0.165981007590973
L,0.00653686800072,0.048811610593704,0.05863250812512,-0.070357069145043,0,-0.04156899305767,0.027661719251065,0.043706868157131,-0.189039182628385,-0.087801229793831,0,-0.057310214321756,-0.104829633884759,-0.254076567281406,-0.236775077669039,-0.29316612206578,-0.232263495767811,0,-0.056690858206903,0.077014524143994,-0.119217207486157,0,0.181960435363104,-0.100522975724532,-0.089143453085194,0.150676057122545,-0.105046115087464,-0.011194228372294,-0.090335299050697,-0.024111431593702,-0.075967899705672,-0.080629752386335,-0.14017297726302,-0.177542176077641,-0.059742816008419,-0.081370454273433,-0.166542081004869,0.029070616822007,-0.227590813045748,-0.043794763539138,-0.056380484623629,-0.013893472650169,0.01128991848591,0.040354801685043,0.027887301377731,-0.037660406318067,-0.110190768218717,-0.090886627230969,-0.074799633232472,0.064751257480295,0,0,-0.14910539307738,-0.011836076775524,0,-0.246944733330933,-0.088410064678355,-0.22483519247336,-0.299617834377835,-0.04766760685527,0.052108039846473,-0.010963710175231,-0.109714427118052,-0.072135260101717,-0.008789482882354,0.001192180013406,-0.023046258061651,-0.141476224093678,-0.114874130180671,0.115667623540368,0.032425893658427,-0.085354586534168,-0.067243857823174,-0.14951096231806,-0.109267913000943,-0.014662510926296,-0.13105946143613,0,0.137985645961333,-0.052666490929184,-0.039801928394625,-0.295147792785639,0.098976756657873,-0.178435214066084,-0.220363520286241,0.042261007621656,-0.063719142152528,-0.161659842316148,-0.003432102293157,-0.070048107665107,0.137843517626448,-0.055755482985063,0.077285042751002,0.01477094762524,0.192117676218341,0.270737205494101,-0.145451677084934,0.125514734805216,-0.028438092429577,-0.036388843784769,-0.227142768570005,0.030736408188286,-0.005415131848416,-0.071295346668689,-0.022975740337328,0.006487482212156,-0.065476767315432,-0.104116815326931,-0.115551449384909,-0.092464496704949,-0.05335401930248,0,-0.02129297425307,-0.10475885076066,0.242822161165092,0.039601679582285,0.022202629419683,-0.25107750015816,0,-0.038138247262657,0.010822605204361,-0.069546166732682,-0.068976139439978,-0.060754190054779,-0.044656743857584,-0.074412138001465,0.010475537171691,0.026730234154796,0.043395463883204,0.001514731118744,-0.122638822384819,0,-0.192791247932603,-0.033492658105164,-0.0254414078568,0.10875105784919,-0.214383330930031,-0.172539976453589,-0.121316038420991,-0.068698204593842,-0.037332369633825,-0.160315677909398,0.056521021124337,-0.175200824083254,-0.191419055806056,0.042064751789944,-0.099853149904621,0.026687657564349,-0.077962881298222,-0.012203800116785,0.021867799099209,0.030979438364639,-0.008286405395806,0.071426818859557,-0.036649120126195,0.030022971518084,-0.008480380850924,0,-0.019114883680296,-0.103179668556303,0.067733541168343,0.021841915183998,0.058294177920002,-0.186586357825285,0.117458879929984
M,-0.078250122709326,-0.125737105056478,0.073378435506786,-0.107814811535356,0.113454954317313,-0.025827096310557,-0.003849841254426,-0.062026268298851,-0.100937067025838,-0.031504036311508,0,-0.105209728583772,0.034787630594224,-0.269970674594474,-0.168958343807797,-0.276740410919984,-0.199126163061904,0.015956857577757,-0.24501986118118,-0.002395622123251,-0.049549954832836,-0.005771994853487,0.222798972074115,0.016041270522428,-0.115043886153231,0.161319469798562,0.010865158109054,0.06377926192816,0.006952517919546,-0.058442932774271,-0.030131076230882,-0.056035276675481,-0.071459928229138,-0.274919415765774,-0.173491608876337,-0.120433588683155,-0.342233815014449,-0.039456586756637,-0.171111476764086,-0.012888936275151,0.063710237257925,0.127527982287002,0.109494386111244,0.033129957257532,0.096929299690021,-0.110750895877675,-0.02782582388743,0.042953080703316,0.042461172085385,-0.053506421635991,0.124001317609843,-0.117447003365867,-0.145504227338484,-0.053988761939466,0.083094318242363,-0.216456094953684,-0.132293971995927,-0.030755035328998,-0.119739948252127,-0.030999885090547,0.168800933577658,-0.056598514492402,-0.023004445479232,-0.034412715788881,0.049610491438745,0,-0.020523278334102,-0.16471945776577,0.070337267734726,0.136403497215546,0,-0.0575581502041,-0.072806887819811,-0.025784319499957,-0.05488538025924,-0.083829731148295,-0.090715411921329,-0.043166384243424,0.094460215401373,0.069855246598908,-0.055928529425009,-0.089004575509063,-0.028531934406841,-0.176977183006547,-0.300619615144093,0.053561723967848,-0.008357659075509,-0.066677182054592,-0.099791256187162,-0.113444172256126,0.157360981659804,-0.137015315319692,0.047024739540274,0.007044129378158,0.01292461111029,0.179555502940653,-0.169233201196043,-0.012357593342523,-0.101685696968954,0.02694347438618,-0.164352371655651,0.015814145385465,-0.046756295782312,0.136623937142167,-0.04437073775711,-0.071665551261384,-0.136516491068165,-0.031370765507608,-0.10016308953935,0,-0.208929770414095,-0.050137790625196,-0.071076740030203,0.014251168697642,0.26152951773051,0.113716850923155,0.027667757559549,-0.151629709928736,0.079713673094816,0.02140747623176,0.011906136853988,-0.060082270173153,0.024033093612755,-0.069732290571638,-0.261050222016047,-0.084197004525121,-0.003170155574937,-0.040430461942086,0.014397575789271,-0.026285645500726,-0.041995705341074,-0.20791084811595,-0.235274548057689,-0.042744291402537,0.118159736044504,0.13330136511937,-0.017764333956502,-0.193768556234311,-0.149636081842232,-0.115787583700391,-0.123004484518275,-0.087186599187519,0.005999758658884,-0.027170245018157,-0.19449128268101,0.004942192157016,-0.014235746822844,0.082152199236174,0.108428816274796,0.004999396088521,-0.063391640948123,-0.016424593891125,-0.110267655243015,0.086444069228333,-0.025063683891451,0.117773073752452,0.051600956615657,-0.147346753230544,-0.024149069404012,-0.083317091223421,0.114053022746709,-0.036593900681634,0.158514102581564,-0.112989094840193,0.058650019661007
N,-0.018600976944503,-0.109927012668249,0.031756129726749,0.076258868893615,-0.106927128611214,-0.092291976405005,-0.172107524486155,-0.126071864449517,-0.264893205425922,0.022897905863502,0,-0.054101532896803,-0.111435822830172,-0.338492065915187,-0.149948038354915,-0.234715401706352,-0.083567007317676,0.101737161366844,0.097180860383749,-0.177301098192476,0.101387780266318,0.256333403510333,0.179987747429075,0.1785190971577,0,0.012271836854939,-0.132524068664082,-0.049038237957327,-0.061565700471804,-0.024206830155694,-0.156608758125908,-0.107395253722531,-0.219792989533393,-0.162240977713693,-0.042187343062762,-0.201261709856513,-0.196549445917121,0.036728913559286,-0.168407616175535,0.00538506796276,0.150310979717385,0.054533913267859,0.073228081105137,-0.009869736148847,-0.03265185996054,-0.003332258961311,-0.047819473702667,0.055913178986602,0.070439302894493,-0.066392593021968,0.097455415023427,-0.094288120057385,-0.154498426825463,-0.078546918451196,-0.041632688667141,-0.221228311642798,-0.167715010426659,0.008820857022941,-0.211686626673434,0.022592517881049,0.052423825539614,0.065815119608042,0.078230771973075,0.010276305221861,-0.076797640688317,-0.029703653349956,-0.039280153744921,-0.059963042496499,-0.063848055799063,-0.097321500850544,-0.108947604004571,-0.082667041227374,-0.020051470149328,-0.138435193157065,-0.033006499072094,-0.231555081275693,-0.256657641257776,-0.13245555147626,-0.258353761487554,-0.214002351380434,-0.321002667604076,0.087895303035743,0.169251960534448,0,0,-0.131504144180069,-0.136010067103893,-0.087902631398156,-0.177704236010581,-0.065370779911799,-0.09721671447777,-0.236531215452192,-0.033087359892252,0.061487147335331,-0.070350254779078,-0.198088117416817,-0.086128942071139,0.066089489543982,-0.217201853256248,-0.005134616445602,-0.002397769603393,-0.091454081884573,-0.128667138949194,-0.049421942763901,0.18318618329438,-0.037579966385615,0.034337080721406,-0.991074910796156,-0.122522251382604,-0.273759855925944,-0.260092159029116,-0.283519224151655,-0.316967464365902,-0.062065172396957,0,0.064655536417223,0.013499544882267,-0.116699832900697,0.133439123496932,-0.005090488018173,0.040006894540598,0.136823739774297,-0.038610835950706,0.015244579061997,0.104429317490428,-0.031879751601841,-0.028129092612338,-0.031611497520368,-0.188286584960707,-0.080001064194013,-0.088100176534581,-0.174401027292459,-0.200557534724338,-0.016406574949668,-0.043334029660151,-0.072645692563193,0.011884891281947,-0.264850135593891,-0.053018233216027,-0.148416687890442,-0.158675223055525,-0.142585617268647,-0.134918163972063,0.043809807027743,-0.131402028580749,0.095468335520844,0.023007140001209,0.119279517416404,0.028628425471522,-0.02143681262494,-0.066562274535084,-0.168734938444206,-0.112611279582795,-0.256121873544871,-0.204424376772221,0.28704199682843,-0.101747227070607,-0.231240205004344,-0.166602755379402,0.141585918394897,0.149434171897516,-0.157989325822969,0.094849612972796,0.000440223768437,0.100430696474199
P,0.061669899413313,0.016926786126743,0.095040722596815,-0.020468090847458,-0.144198669854484,-0.23492316447144,-0.232070591209113,-0.217437540698181,-0.253427566796679,0.097186888301158,0,-0.14522805935387,-0.183676313253661,-0.217219005437114,-0.254266239359858,-0.269693648563017,-0.296093023922767,-0.209876447531594,-0.089459105317478,-0.226505963594842,-0.126121457533466,-0.129705482279544,-0.169604365507332,-0.178626235913433,-0.073799674084617,-0.159330681745658,-0.147215045173402,-0.043665942906868,-0.526931433435226,-0.135593781532813,-0.178416858737868,-0.153264609726438,0,-0.120418452252457,-0.209427494351088,-0.242636816008232,-0.228688627668884,-0.225527303058651,-0.181400705839403,-0.219621015541924,0.017438579392851,0.097337249677487,-0.056084358795758,0.033545204060053,-0.076758624035517,-0.106552901462592,-0.053525518955972,-0.043989548013631,0.07738325080438,-0.087519648024284,-0.077412967461474,-0.137602256718143,-0.076094486297344,-0.132671724042599,-0.190227601696434,-0.272498088743911,-0.241385368410331,-0.129649907536055,-0.179867821415678,-0.031974292896206,-0.002974639368894,0.04109116314472,-0.02047613729655,0.001299681706684,-0.034945499232835,-0.044253852650757,-0.004029650089483,-0.092764247219651,-0.092510074171171,-0.081911875461401,-0.069441871297489,-0.099942974781465,-0.030475110154556,-0.124444998155838,-0.19106964061325,-0.231824288514855,-0.248981696506041,-0.2368517118546,-0.249171556151717,-0.205818291166669,-0.269300458891641,-0.159286193226237,-0.01149691748357,-0.093761099486747,-0.254319716682055,0.056847098781969,-0.018890685529613,-0.107612704392455,-0.196194039973713,-0.114922792194847,-0.11956975466846,-0.271041582868108,-0.045407036377476,-0.226107932498351,-0.156422845809317,-0.179029701668922,-0.227918935103368,-0.15237740931996,-0.226328645629442,-0.214330859232578,-0.252406976552363,-0.164270980465073,-0.191562814173709,-0.078785209501456,-0.16655544942896,-0.040401749763979,-0.063687675816773,-0.07891767099147,0,-0.261833934691743,-0.299994019548977,-0.29159917724102,-0.30087587323631,-0.243772465415616,-0.207330899505942,-0.234649205495108,-0.14640752109468,-0.285098115240822,-0.028062591538361,-0.022425952592659,0.0697970338652,-0.028781296050881,-0.032015314147468,-0.014305037902678,6.63377942713948E-05,-0.036113108844583,-0.075379545353899,-0.066653176379815,-0.169657161734047,-0.152529237097324,-0.241414193228098,-0.166776221301042,-0.224383251956425,-0.168630378601432,-0.178129276979646,-0.182624890983865,-0.197758731720084,-0.276904389636442,0,-0.186426012028771,-0.226059630054304,-0.111733085571873,-0.156146558492499,-0.220797014503671,-0.029296882174559,-0.018249743335153,-0.100902638467693,-0.031222955293251,-0.085064709334517,-0.110176335251949,-0.110957815306037,-0.184480879197357,-0.136782163525512,-0.102104610406929,-0.219343117784436,-0.165257007284764,-0.066032403905035,-0.220883788418695,-0.236526364525738,-0.2896394345447,-0.157060272432111,-0.190546711406126,-0.080122154773469,-0.087216233380627,0.055348132010479
Q,-0.015539065171294,-0.071290501590129,0.099369016359375,-0.11448662775272,-0.208212412046393,-0.077269759007681,-0.147585116532979,-0.115736560990024,-0.181860686168945,-0.009911856616179,0,0.008690881688331,-0.016826002376162,-0.165263535670247,-0.259340201907073,-0.305242384312423,-0.16866498672994,0.128700208007847,-0.083100164865551,-0.007563540306898,0,0.167464234306436,0.106493413435943,0,0.156406486587022,0.037778748269489,-0.142538656138963,-0.032238474230418,0.353790261462545,-0.069916641179075,-0.131285176106694,-0.093090880182229,-0.09096617397818,-0.190400366500681,-0.154769769351121,-0.072750840206875,-0.217054669181196,0.014873306455327,-0.087730167787326,-0.018761109138708,0.006887865982808,0,0.004581774672445,0.057140882795857,-0.121090705047327,-0.071233292720061,-0.010892011061087,0.049968419044287,0.073850932334404,-0.028577385170633,0.127081119224605,-0.193801373610468,-0.144163573325695,-0.14245849236235,0.087331202746656,-0.306761807619984,-0.160865830266858,-0.225899889786855,-0.192779739008934,0,-0.085990891288896,0.031433368277871,0.033485172471355,-0.029874776439161,-0.00579779817413,0.039741826858415,-0.019516916874528,-0.042667764385741,0,-0.034931689627921,-0.05342805890768,-0.036887598868578,-0.022223985899754,-0.126354571889055,-0.051634648691783,-0.25835525508082,-0.18679680868458,-0.281213022570689,-0.256062814666271,-0.087172206554448,-0.306486449517615,0.0699697751694,0.081577662399085,-0.05400152067302,-0.135131437486759,-0.014829320585278,0.019804140023606,-0.08109486320788,-0.19825637223832,-0.006584845540184,0.033243020082122,-0.160479964367918,0.07835709161582,0,-0.014122697207672,-0.022962437713116,-0.098303748451876,0,-0.140499235206573,-0.071180539862953,-0.001348344976189,-0.134417147165107,-0.047591941889573,0.114428185439523,0.015580959041322,0.03886060740032,0.006032207133562,-0.15970871784432,-0.172601842626125,-0.251732984227176,-0.268508595096751,-0.122179180421953,-0.251179428150208,-0.225796529004569,0.095829369321933,0.060098532160868,-0.011894215539246,-0.218003949024656,0.134468920654069,0.115303089468832,-0.046934488685483,-0.0368688450962,0.002170484242643,-0.012654995041448,-0.031724886579216,-0.023723556583208,-0.039396622808907,0,-0.171149779067797,0,-0.101721777229406,-0.072095117237482,-0.101810721562887,0.028648317018664,-0.055623711717234,-0.086469443583878,-0.17716188957013,-0.318508471799489,0.012132859074287,-0.092879271999497,-0.111407629268583,-0.124169766509679,-0.198976327716002,-0.136437546602038,-0.209490329221225,-0.044513128521877,-0.07749260792011,0.047829023448833,0,-0.020003904348263,-0.217521858186158,0.124435972947935,-0.038819107601739,-0.101765954173351,-0.266700144202009,0.073973591358237,0.117412449987266,-0.355216572637,-0.162815741656182,-0.098197430399961,0.046079418977785,-0.146430785940183,0.073802218745911,0,0.149007264070427
R,0.060663133287888,-0.071968705923134,0.145049040460454,0.005000962596008,-0.219786512904773,-0.190541927310498,-0.172413890983557,-0.23144316140162,-0.225940021724317,-0.066775970870838,0,-0.131735004944529,-0.202673981495291,-0.235352324132638,-0.270756400913947,-0.253920899106252,-0.254250602050131,-0.178699555088164,-0.186264799769906,-0.059531845233305,0.041485167528944,0.105772446636194,-0.049428074340221,-0.07518761024585,0.010694577939325,-0.092456992850188,-0.13590235730856,-0.116351601241758,0.034769104635604,-0.113779894424907,-0.181090531673623,-0.150169849448435,-0.08114737368408,-0.203809678814396,-0.105861898333676,-0.110528181825472,-0.124213300271579,-0.149028859090097,-0.177272677906999,0,0.006553707903701,-0.043314868847511,0.041192651549578,-0.000146256650061,-0.016399068372452,-0.007113965549208,-0.030152108116828,-0.01068831691392,0.044188687910275,-0.069131267741683,-0.059144161083932,-0.152723465362266,-0.11387449387337,-0.265362886176528,-0.105201175636496,-0.289418365658077,-0.215959928407449,-0.124905703126756,-0.24194701419935,0.017354265404723,0.041044173974134,-0.027133929619452,0.053675669339062,-0.120856898136006,-0.017184420259673,-0.011931476695053,0,-0.131317039690325,-0.020872818457497,-0.047060032491285,-0.07816651772002,0,-0.008441876787457,-0.043421524853054,-0.100533137429321,-0.203226565938794,-0.222855667433606,-0.188184249380794,-0.250988333267426,-0.244861645581461,-0.248415128800161,-0.150369050434141,0.003078066656096,-0.242262086865538,-0.126532527888063,0.003980442871759,-0.07122301979903,-0.197174643938357,-0.081911141873087,-0.114050336921394,0.039314445327456,-0.260028161703015,0.056156781353627,0.089866726676344,-0.075622819795384,0,-0.040286956242296,0.10291146064398,-0.221031623672767,-0.038811269223777,0,-0.181297543960749,0.002580393328488,0.023522136944597,-0.024630927670278,-0.004293483320585,0.021611247539041,-0.186751734499784,-0.093742939524631,-0.267802211426422,-0.252051801112487,-0.302331638855023,-0.228564800629108,-0.199956514252325,-0.231657970402454,0.014700534928144,-0.103382419242706,-0.158880001060303,0.034390232119813,-0.042239140356888,-0.03293498243531,0,-0.007105331551264,-0.060371311712594,-0.116819459255765,0.049615973182761,0,0.022605459777192,-0.18444770704999,0.031726369110777,-0.048513174939019,-0.154452295333671,-0.240140307499046,0,0.075584013114148,-0.150311885852205,-0.173560130819284,-0.267827131108775,-0.029605541171339,-0.232139183470826,-0.128987621302789,-0.152021775789035,-0.225038879503926,-0.137477387556891,-0.237489976736548,0.012807635253599,-0.06640734646002,0,-0.001597807484676,-0.128562071860115,-0.174491475270967,-0.039999531480282,-0.082562277548653,-0.275852681560512,-0.212911968447925,0.078612225227268,0.012891103743605,-0.241998874676254,-0.130641484332969,0,0.028250325083493,-0.105090879800069,0,0.016201951373548,0.116022693008223
S,-0.001171349504024,-0.027744118540058,0.080614754213561,-0.064591793630237,-0.174870400362301,-0.118942077548715,-0.13964331271657,-0.087692155955537,-0.19596069909977,0.040462374234418,0,-0.031819928650654,0.058874390499189,-0.231526071974833,-0.182422879552034,0,-0.142196781372421,0.165763851863951,0.099873624830962,-0.039048890459004,0.017907714218028,0.176150328571929,0.029795453801169,0.09212538080727,0.039578099120842,0.051962340556441,-0.201226121916244,-0.010224319564173,-0.000509026712305,-0.008931471686112,-0.136925713021637,-0.057173480027199,-0.105607627784525,-0.149557715730133,-0.103735142672565,-0.143073477608145,-0.195806537065175,0,-0.196586803375276,-0.048208474712644,0.055309160065335,0.057106759286677,0.051135484863614,0.067335529874333,0.166490269281007,-0.033004605629743,0.05027679324898,0.020455961789438,0.060115633639088,-0.050816920318976,0.02203810266986,-0.162258746005659,-0.095740004750903,-0.242529627558201,-0.027126742472767,-0.221893043621277,-0.057638997636106,0.002441291191877,-0.171899283746611,-0.009048712403899,-0.050615783544423,0.05731975961322,0.003926031612448,0,0.011415550947568,-0.005773728659648,-0.019733162763641,-0.107294695259023,-0.015864151772239,0.009943655491657,-0.100830940342867,-0.056720312730621,0.115022037165783,-0.031454677876856,-0.042357413391742,-0.231197094407736,-0.272231052864426,-0.232681037211888,-0.183771811664705,-0.192530780042944,-0.11566560602448,0.036317725394307,-0.045843493195191,-0.018564756392613,-0.036197178702196,-0.012732671247956,-0.020764206601154,0,-0.179696406966677,-0.091726200627566,-0.028465359961916,-0.184060312072416,-0.037236899248481,-0.043478938725443,-0.117137305078068,-0.080966724765948,-0.076581296151258,-0.08523555351889,-0.172228975230906,-0.128838317458895,-0.098909455530198,-0.057706107246047,-0.082655384904159,-0.034537649399053,0,-0.030147984145219,-0.053169777890812,-0.166634664707112,-0.168129139091645,-0.262495087690183,-0.261350046520827,-0.268827100658269,-0.221016961398433,-0.104594443327508,0.047466398993384,0.016273206496472,0.042292247704334,-0.177288679233165,0.13651077594077,-0.022452593784122,-0.040072871942309,0.038120224762696,0.008667621148224,-0.040110592341316,0.07648418601462,0,0.026973272116845,-0.029459176619022,-0.17092246658099,-0.023665752499922,-0.048488564104923,-0.144916607497322,-0.110284751733172,-0.021935621538146,0,-0.138237529520143,-0.164831237721482,-0.18534023689177,-0.066788484361973,-0.180339097043609,-0.165266444160372,-0.117104068957969,-0.07247838313079,0,0.005655610366066,0.072985951692548,0.029560415093289,0.016044544040765,-0.017742251725508,-0.002148736129192,-0.064313248734356,-0.080373452497557,-0.11374832931228,-0.011749498878056,-0.240008805353359,0.020004680620228,-0.053755273691306,-0.246657032270707,-0.214786697614542,-0.102695823349367,0.007709105979219,-0.083380832825642,0.038390371440564,0.05944835256555,0.116094404258271
T,0,-0.054772038262001,0.080083718889727,-0.198537229950412,-0.024130786139721,0.020348999755611,-0.054490601814922,-0.113097454070937,-0.175053309566546,-0.009617907645863,0,-0.082443421024113,0.073234929556922,-0.239618776299035,-0.187358369714389,-0.095743380605538,-0.211247332226185,0.07572894725558,0,-0.036957120688446,-0.052116993471698,0.221918215909424,0.127891821949162,0.041804132574527,-0.04010190772013,0.062887264521021,-0.160930106833656,-0.049352215141809,0.00537940916079,-0.020432929254773,-0.126093440485371,-0.047935111184264,-0.084725820790026,0,-0.200903725516917,-0.089396916204369,-0.154181057251471,0.112933475010519,-0.177979841724131,0.059613464358585,0.049595970066237,0.031850248860988,0.015548053717664,0.0375078768237,0.011477238911266,-0.038958479346397,0.00819931736505,-0.028712457691646,0,-0.001731681882176,0.03199402931595,-0.00861768965729,-0.163809393487935,0.014056467922632,0.02633055251127,-0.299494872506779,0,0.018807384673137,-0.160289260708637,0.022979575750984,0.101002973323512,0.100211788755968,-0.057404984130151,-0.04315102709387,-0.003332439581922,0.021250834249622,-0.05583556505548,-0.098863299036284,-0.066524128486374,0.033551848349044,0.007505436537901,-0.133972400114375,0,-0.012204454222771,-0.08885896114029,-0.136756177045072,-0.182484372031854,-0.21051757875807,-0.152876102103155,-0.163984279445156,-0.100971666768216,-0.041089659973039,0.06573268807716,0.066067918759449,-0.200903547444114,0,-0.138404349432136,-0.015353921519806,-0.211400336743714,-0.065795286704823,-0.038492592374394,-0.177355070217923,-0.073335265216901,-0.000557352714391,-0.06498647149482,-0.002836997816098,-0.040055362357967,0.099428582388399,-0.204183006667385,-0.094521401958616,-0.151723715633892,-0.111000668749424,-0.008728397343749,-0.07372019281122,0.014666214054844,-0.049171947725142,-0.008543027857986,-0.180362183401334,-0.103872744878832,-0.215772395080083,-0.232407279228578,-0.174047100708174,-0.239296487179719,-0.251032920716548,0.210686814825284,-0.059427781462708,0.005809811887335,-0.143660425663092,0.117182241343621,-0.027034681952711,-0.071762084232996,-0.046083449219381,0,0.035754243726641,0.004490811565359,0.043978545306171,0.013515132792501,-0.0662772655121,-0.103313731303257,-0.092289143716241,-0.059637946420544,-0.116392192847675,-0.15168847892372,0.039474890854097,0.013138491046489,-0.207171460060101,-0.178297646276178,-0.17446736235615,0.013487249739537,-0.21936199698701,-0.088196391932143,-0.158821017179096,0,-0.070647830764987,-0.091283404261616,0.05704003288688,0,-0.058475990577508,-0.066185268153257,-0.020867128682658,0.00505776342582,0.006771887174134,-0.075473428883186,-0.126463640116153,-0.076395703655796,0.072424332442191,0,-0.197602245150674,-0.157621322569109,-0.105127964395988,0.014056205528346,-0.081799920739084,-0.055228257791377,-0.051779038207085,0.047431639395202
V,0.023755236501037,-0.045917655557881,0.058964674084246,-0.100158111969591,0.000802716448396,0,0,0,-0.171907496057337,-0.05116153722164,0,-0.047578713524728,0,-0.239968741156605,-0.224150123638165,-0.295438260960498,-0.181042115786113,-0.014775789622232,-0.036359048258414,0.051140271011754,-0.111403003629787,0.058461450481908,0.060927854000859,-0.008129011091555,-0.186240257372563,0.071965421961061,-0.107482297322767,0,-0.058009360907886,-0.011339052003111,-0.121837912030365,-0.048784177615195,-0.145731096613554,-0.151509814524438,0.088666313418561,-0.150999032607507,-0.136461657277776,0.079251682526792,-0.166823776432987,0.060350773527468,-0.015524382835653,0.001915794626075,0,0,0.117158230727464,-0.08259971876036,-0.107564401547358,0.005433856788966,-0.014558229340778,0.060749667498096,0.107533677808607,0.047120069436445,-0.204355639543155,-0.03634179656781,0.02086148781843,-0.303468631195872,-0.149532473896308,-0.217153248100174,-0.283625547403327,-0.041697993848385,0.043016805188621,-0.045084101384291,-0.003620556605106,-0.078688871683027,-0.01311478129862,0.012235740506507,-0.065715206851391,-0.223503911072932,-0.133885444647437,0.054867324033252,-0.033765778740007,-0.085231908563632,-0.122901489289465,0.010353042260187,-0.098388478974857,-0.102482887352829,-0.173874800035664,-0.047160252652024,0.067041299719088,0,-0.005670655996257,-0.142737520558374,0.083184781789773,-0.191247173468208,-0.177888341615631,0.014733540066395,-0.151463955482722,-0.124715170146183,-0.102717956644526,-0.059672193243199,0.018776241141749,-0.09974915031775,0.063825895921503,-0.036024297461894,0.032451366425955,0.301223045242154,-0.236422027871496,-0.181571229071031,-0.065309124131971,-0.143188562620059,-0.172632736043375,0,-0.119302033173469,-0.126497182630952,-0.033641853561347,-0.014864632961147,-0.066437337559001,0,-0.043594214967207,-0.099277312448985,0,-0.114234174388693,0,-0.04304247028067,0.114799556053427,0.091313806374911,0.029993912084501,-0.273294973874893,0.060874627714368,-0.010508875125569,-0.01973345846241,-0.023495718186891,-0.05421727773823,0,-0.006432087232478,0.044412982895854,-0.060699425060663,-0.038515598322381,-0.022900571443408,-0.043308236783207,-0.139275683231671,-0.164401612984206,-0.188692991975825,-0.143636777925176,0.018548366191335,-0.019427849308715,-0.251561523133361,-0.098101254401508,-0.220777869375858,-0.120368397596228,0.015984408484284,-0.115998311822924,0.141688798108559,-0.086347613593197,-0.125415144997023,-0.052239572731882,0.005158222588858,-0.069785256243715,-0.071653011508511,-0.120776793111751,0,-0.002428532422359,-0.171091535409233,-0.009208396205718,0.02868613802277,-0.003384828643942,-0.037959459298442,-0.116868757676753,0,-0.18719619549363,-0.010077201170719,-0.087815178244576,-0.114300385326268,-0.19889371875294,0.029005763480661
W,-0.07459826447046,-0.01156074786265,0.055359312448959,-0.106872083326315,-0.2017328861111,-0.120440534635973,-0.174118414760286,-0.005191636599248,-0.20683110475813,-0.170423477353065,0,-0.010358311656537,-0.182048870633516,-0.255377851627765,-0.366918049134294,-0.260412843541121,-0.224280716212796,-0.097434496298387,-0.119242038800365,-0.033748336513712,-0.102246160582044,0.086562440041533,-0.126761456221812,-0.065299663607474,-0.12235225432757,0.064418437103303,0.077545006028835,0.078328930355806,-0.00550789476769,0.012291132717774,-0.158921850308966,-0.089371986736765,-0.140642507674716,-0.185288472750605,-0.200877661664615,-0.081444267757654,-0.205072026131552,-0.078050258246873,-0.060356117631308,-0.100780756568201,-0.051800575992908,-0.055355640613216,0.026016487650261,0.032563402736145,0.031826178761143,-0.178687787441157,-0.077946063175252,-0.096431980652062,-0.023798990130117,-0.04216918984977,-0.021898701225215,0.006576047337163,-0.16434109847075,-0.166606312840508,0.002783386279723,-0.331527602309179,-0.218935744336125,-0.228058446055459,-0.20066639504262,0.013219022119395,-0.124584232255563,-0.036733069006896,-0.151487764332993,0.000284540164708,-0.055632465512852,0.060037591163041,-0.044714130659676,-0.078594002976657,-0.016094853867284,-0.016094368635309,-0.099554137376602,-0.062013615928776,-0.045015960304337,-0.16872789563182,-0.227523724661187,-0.278896782294717,-0.170497871027167,-0.236731159277281,-0.242916624802125,-0.322221263139926,-0.068760641031209,-0.222224460622235,-0.139044730506414,-0.231288177565124,-0.067758891341975,-0.063897741661197,-0.044397398372486,-0.088777850474359,-0.09123724695085,-0.039020505526021,0.045823651233923,-0.082418344451926,-0.029652396638842,0.109719205937793,-0.061691842119389,0.115122131563643,-0.223002377920662,-0.073631123894144,-0.223744975878792,-0.186190458771961,-0.08446096555428,0.028445694141139,0.006683275136397,-0.102016455481977,-0.058984515205276,-0.007761198000048,-0.159874621349328,-0.157598545467463,-0.116913325996607,-0.141576268118747,-0.143978864485581,-0.115183889841496,-0.292883462950302,-0.222255217285798,-0.180191325737044,-0.064467920566923,-0.110329370954575,-0.271087797267136,0.005063798383727,-0.133765400441091,-0.238286045651504,-0.109070917640487,-0.148968502408569,0.044500312402882,0.05270147310212,-0.049434376327129,-0.010372180703296,-0.047753728327884,0.028274021524279,-0.037487179333383,-0.222556127630153,0.007804227718555,-0.282888933076461,-0.103200188668669,-0.185432825419862,0.040518592204695,-0.03303965951757,-0.093210505356137,-0.204180462632427,-0.169755483601732,-0.153878401026925,-0.104260730173295,-0.212969976305628,-0.228631995652698,-0.231223362979214,0.028683329516021,0.026301358476769,-0.031588136282997,-0.052978670078159,-0.131222412659011,-0.020127195336069,-0.017603824826873,-0.134192049293708,-0.254050658410779,-0.024865110588776,-0.011174109128214,0.006457816962158,-0.143371237563997,-0.078888625195621,-0.054259555186945,0.024951462915145,-0.152213469173036,-0.117264089863287,-0.100145226100564,0.027067453132338
Y,-0.004105878765871,-0.066803320159135,0,-0.130034472056727,-0.168840811708457,-0.081597504445157,-0.141156257044606,-0.030137481173177,-0.29722862245137,-0.112823584611958,0,-0.010453371070284,-0.256244963267928,-0.313603997875431,-0.177770473770186,-0.237955403000464,-0.254415587321474,-0.175414902427488,-0.232363872014554,-0.020658627198474,-0.100395490211998,0.005376707696493,0.004841237246026,-0.075444767977086,-0.113020226221846,0.194960362930744,0.011709455067827,0.032615443093489,0.023741537734322,-0.08283273505061,0,0.006001614105497,-0.188165271445628,-0.132167398268784,-0.009952296623568,-0.059593155346374,-0.156159677172408,0.005951365419595,0,-0.060035652821262,-0.033724908613891,0.049268391540117,0.070705266703949,-0.004328930677784,0.070881458820747,0.044235693374645,-0.078502912398493,-0.056700597193597,0.013022360099733,0.009502874168141,0.043400108844276,-0.094170296818159,-0.116377108839083,-0.148720027024316,0.003259670922609,-0.297449354185412,-0.14863336652804,-0.270153799707511,-0.22885758407686,-0.108242564066402,-0.089714203557497,0.014639811578146,0,-0.131183885110253,-0.14351325363677,-0.102025900500617,0.020212519236726,-0.162968115627649,-0.046537858148596,0,0.029234110045994,-0.161591180338511,-0.027774346021949,-0.083636614795258,-0.091140312072245,-0.111710749471657,-0.045140937243699,-0.061567402814512,-0.141703970697572,-0.076995919901097,-0.028619936328675,-0.065076551583914,0.149708098582167,-0.158708571838476,-0.197412151327576,0.00668293524631,-0.139153945485875,-0.060551564122259,-0.022257005750099,-0.014919841079891,-0.089304268361706,-0.154623462714582,-0.040867448157873,-0.022642308666874,0,0.128918598339593,-0.096023981970945,-0.205226118570529,-0.154842344044694,-0.137164734375256,-0.204043752539846,-0.041250484530559,-0.132447104190918,-0.139407666608192,-0.084742517584872,0.025372249375157,0.000255348298376,-0.128748134503537,-0.120940839632746,-0.284501623054584,-0.165028278075114,-0.20789688005354,-0.197832906265503,-0.150906537124309,-0.187596879367923,-0.034753793687071,-0.092878968976726,-0.236956517731741,-0.027781929747056,-0.209861186337693,-0.074606132787075,-0.077982031811699,-0.118842406695108,-0.094661791204754,0.04299534508185,0.013503368490021,-0.044159786523923,-0.040571840989987,-0.122149531846944,-0.033861498577911,-0.024963056160646,-0.042653454848066,-0.220787641292501,-0.125391233660094,0.027480551784433,0,-0.053510236375015,-0.355037778449854,-0.174297726078867,0,-0.093484511021512,-0.230363037289781,-0.314339158228111,-0.031330640916254,-0.26812009376572,0.00791371374873,-0.093008668148459,-0.017025332712814,-0.082935388303895,-0.137046890149369,-0.020972560300433,0.005325916971487,-0.147166222929396,-0.178830557863324,-0.116063385461265,0,-0.036388953318649,-0.267956421325207,-0.198670089942538,-0.075202528293567,-0.057993379507426,-0.101014251535016,-0.17838563167934,-0.15610414577789,0.020488901482198
